customer_id,customer_name,customer_type,join_date
C0001,Customer 0001,Retail,2024-09-27
C0002,Customer 0002,Retail,2025-01-03
C0003,Customer 0003,Loyalty,2024-11-10
C0004,Customer 0004,Loyalty,2025-10-25
C0005,Customer 0005,Loyalty,2024-08-10
C0006,Customer 0006,Loyalty,2025-03-04
C0007,Customer 0007,Retail,2024-03-28
C0008,Customer 0008,Loyalty,2025-09-12
C0009,Customer 0009,Retail,2024-10-07
C0010,Customer 0010,Retail,2024-09-05
C0011,Customer 0011,Retail,2025-03-01
C0012,Customer 0012,Loyalty,2024-12-30
C0013,Customer 0013,Retail,2025-09-11
C0014,Customer 0014,Retail,2025-01-22
C0015,Customer 0015,Retail,2025-01-12
C0016,Customer 0016,Retail,2024-03-17
C0017,Customer 0017,Loyalty,2024-01-17
C0018,Customer 0018,Retail,2024-10-17
C0019,Customer 0019,Retail,2025-12-29
C0020,Customer 0020,Retail,2025-10-31
C0021,Customer 0021,Loyalty,2025-04-04
C0022,Customer 0022,Retail,2025-04-05
C0023,Customer 0023,Retail,2024-10-12
C0024,Customer 0024,Retail,2024-05-09
C0025,Customer 0025,Wholesale,2024-01-07
C0026,Customer 0026,Wholesale,2024-09-04
C0027,Customer 0027,Loyalty,2024-08-19
C0028,Customer 0028,Retail,2024-05-19
C0029,Customer 0029,Wholesale,2024-07-08
C0030,Customer 0030,Loyalty,2024-01-19
C0031,Customer 0031,Loyalty,2025-03-19
C0032,Customer 0032,Retail,2025-11-08
C0033,Customer 0033,Retail,2025-05-19
C0034,Customer 0034,Retail,2024-11-23
C0035,Customer 0035,Wholesale,2024-11-02
C0036,Customer 0036,Retail,2024-08-12
C0037,Customer 0037,Retail,2024-04-13
C0038,Customer 0038,Retail,2025-03-12
C0039,Customer 0039,Loyalty,2025-02-17
C0040,Customer 0040,Retail,2024-01-06
C0041,Customer 0041,Loyalty,2024-10-30
C0042,Customer 0042,Loyalty,2024-07-21
C0043,Customer 0043,Loyalty,2024-05-04
C0044,Customer 0044,Retail,2025-05-28
C0045,Customer 0045,Loyalty,2025-01-18
C0046,Customer 0046,Loyalty,2025-04-07
C0047,Customer 0047,Loyalty,2025-06-04
C0048,Customer 0048,Retail,2025-12-17
C0049,Customer 0049,Retail,2025-08-09
C0050,Customer 0050,Retail,2025-03-28
C0051,Customer 0051,Retail,2025-10-03
C0052,Customer 0052,Retail,2024-12-14
C0053,Customer 0053,Retail,2025-12-19
C0054,Customer 0054,Retail,2025-07-09
C0055,Customer 0055,Loyalty,2025-04-20
C0056,Customer 0056,Retail,2025-10-21
C0057,Customer 0057,Wholesale,2025-01-11
C0058,Customer 0058,Loyalty,2025-06-10
C0059,Customer 0059,Retail,2024-07-26
C0060,Customer 0060,Loyalty,2025-12-04
C0061,Customer 0061,Retail,2025-03-31
C0062,Customer 0062,Wholesale,2025-07-24
C0063,Customer 0063,Retail,2024-12-02
C0064,Customer 0064,Loyalty,2025-09-24
C0065,Customer 0065,Retail,2024-02-24
C0066,Customer 0066,Retail,2024-03-24
C0067,Customer 0067,Retail,2025-01-05
C0068,Customer 0068,Wholesale,2025-06-18
C0069,Customer 0069,Loyalty,2025-08-13
C0070,Customer 0070,Retail,2024-11-17
C0071,Customer 0071,Retail,2025-04-19
C0072,Customer 0072,Retail,2025-02-07
C0073,Customer 0073,Retail,2025-12-02
C0074,Customer 0074,Retail,2025-04-22
C0075,Customer 0075,Retail,2024-10-31
C0076,Customer 0076,Loyalty,2025-12-08
C0077,Customer 0077,Loyalty,2024-03-19
C0078,Customer 0078,Retail,2025-12-19
C0079,Customer 0079,Loyalty,2024-04-22
C0080,Customer 0080,Retail,2024-07-29
C0081,Customer 0081,Loyalty,2025-08-22
C0082,Customer 0082,Retail,2025-06-19
C0083,Customer 0083,Loyalty,2025-12-09
C0084,Customer 0084,Loyalty,2025-07-01
C0085,Customer 0085,Loyalty,2025-04-10
C0086,Customer 0086,Retail,2024-09-09
C0087,Customer 0087,Wholesale,2024-01-04
C0088,Customer 0088,Retail,2024-03-31
C0089,Customer 0089,Retail,2024-08-05
C0090,Customer 0090,Loyalty,2024-01-30
C0091,Customer 0091,Retail,2025-01-05
C0092,Customer 0092,Loyalty,2025-07-21
C0093,Customer 0093,Loyalty,2025-12-04
C0094,Customer 0094,Retail,2024-12-23
C0095,Customer 0095,Wholesale,2025-09-30
C0096,Customer 0096,Retail,2025-12-20
C0097,Customer 0097,Retail,2025-09-19
C0098,Customer 0098,Retail,2024-12-05
C0099,Customer 0099,Wholesale,2024-08-25
C0100,Customer 0100,Retail,2025-12-14
C0101,Customer 0101,Retail,2024-06-25
C0102,Customer 0102,Retail,2024-10-27
C0103,Customer 0103,Wholesale,2024-02-24
C0104,Customer 0104,Loyalty,2025-08-02
C0105,Customer 0105,Loyalty,2025-04-19
C0106,Customer 0106,Loyalty,2024-03-02
C0107,Customer 0107,Loyalty,2024-06-11
C0108,Customer 0108,Retail,2025-02-09
C0109,Customer 0109,Retail,2025-01-29
C0110,Customer 0110,Loyalty,2025-08-08
C0111,Customer 0111,Loyalty,2024-07-13
C0112,Customer 0112,Retail,2025-11-06
C0113,Customer 0113,Retail,2024-11-20
C0114,Customer 0114,Loyalty,2025-08-23
C0115,Customer 0115,Retail,2024-06-23
C0116,Customer 0116,Wholesale,2024-01-27
C0117,Customer 0117,Retail,2024-02-10
C0118,Customer 0118,Retail,2024-09-29
C0119,Customer 0119,Loyalty,2025-11-26
C0120,Customer 0120,Retail,2024-02-05
C0121,Customer 0121,Retail,2024-09-26
C0122,Customer 0122,Loyalty,2024-03-20
C0123,Customer 0123,Loyalty,2025-11-11
C0124,Customer 0124,Retail,2025-05-07
C0125,Customer 0125,Retail,2025-07-10
C0126,Customer 0126,Loyalty,2025-06-04
C0127,Customer 0127,Wholesale,2025-04-24
C0128,Customer 0128,Retail,2025-07-18
C0129,Customer 0129,Retail,2024-01-06
C0130,Customer 0130,Retail,2025-09-23
C0131,Customer 0131,Retail,2025-06-24
C0132,Customer 0132,Retail,2025-06-23
C0133,Customer 0133,Loyalty,2024-10-14
C0134,Customer 0134,Retail,2025-08-07
C0135,Customer 0135,Retail,2024-10-05
C0136,Customer 0136,Loyalty,2024-02-05
C0137,Customer 0137,Loyalty,2025-10-24
C0138,Customer 0138,Retail,2024-06-20
C0139,Customer 0139,Loyalty,2024-03-15
C0140,Customer 0140,Loyalty,2025-03-29
C0141,Customer 0141,Loyalty,2024-06-19
C0142,Customer 0142,Retail,2025-09-18
C0143,Customer 0143,Retail,2024-11-19
C0144,Customer 0144,Wholesale,2024-01-04
C0145,Customer 0145,Retail,2025-11-25
C0146,Customer 0146,Retail,2025-01-10
C0147,Customer 0147,Retail,2024-07-10
C0148,Customer 0148,Loyalty,2025-05-09
C0149,Customer 0149,Wholesale,2025-01-22
C0150,Customer 0150,Retail,2024-01-22
C0151,Customer 0151,Wholesale,2025-07-08
C0152,Customer 0152,Retail,2024-10-19
C0153,Customer 0153,Loyalty,2025-05-25
C0154,Customer 0154,Loyalty,2025-10-15
C0155,Customer 0155,Retail,2025-03-21
C0156,Customer 0156,Retail,2025-05-05
C0157,Customer 0157,Retail,2024-07-04
C0158,Customer 0158,Wholesale,2024-06-22
C0159,Customer 0159,Loyalty,2024-10-29
C0160,Customer 0160,Wholesale,2025-09-14
C0161,Customer 0161,Loyalty,2025-01-17
C0162,Customer 0162,Retail,2024-09-11
C0163,Customer 0163,Loyalty,2025-07-23
C0164,Customer 0164,Retail,2025-09-14
C0165,Customer 0165,Retail,2025-10-20
C0166,Customer 0166,Loyalty,2024-08-06
C0167,Customer 0167,Loyalty,2025-06-02
C0168,Customer 0168,Retail,2025-03-06
C0169,Customer 0169,Retail,2024-11-23
C0170,Customer 0170,Loyalty,2024-10-16
C0171,Customer 0171,Loyalty,2024-03-24
C0172,Customer 0172,Loyalty,2024-07-19
C0173,Customer 0173,Retail,2025-02-05
C0174,Customer 0174,Retail,2025-10-09
C0175,Customer 0175,Retail,2025-09-24
C0176,Customer 0176,Loyalty,2024-05-16
C0177,Customer 0177,Loyalty,2025-05-10
C0178,Customer 0178,Retail,2024-03-02
C0179,Customer 0179,Retail,2025-05-07
C0180,Customer 0180,Retail,2024-09-06
C0181,Customer 0181,Loyalty,2024-11-24
C0182,Customer 0182,Loyalty,2025-06-07
C0183,Customer 0183,Retail,2024-11-06
C0184,Customer 0184,Retail,2025-08-12
C0185,Customer 0185,Loyalty,2025-01-24
C0186,Customer 0186,Retail,2025-12-30
C0187,Customer 0187,Loyalty,2025-04-10
C0188,Customer 0188,Retail,2024-08-04
C0189,Customer 0189,Retail,2025-07-19
C0190,Customer 0190,Wholesale,2024-10-24
C0191,Customer 0191,Retail,2025-01-24
C0192,Customer 0192,Retail,2024-04-09
C0193,Customer 0193,Retail,2024-03-28
C0194,Customer 0194,Retail,2025-02-23
C0195,Customer 0195,Retail,2024-05-16
C0196,Customer 0196,Retail,2025-12-29
C0197,Customer 0197,Retail,2025-09-16
C0198,Customer 0198,Retail,2025-05-26
C0199,Customer 0199,Loyalty,2025-06-20
C0200,Customer 0200,Loyalty,2025-03-10
C0201,Customer 0201,Retail,2024-02-14
C0202,Customer 0202,Retail,2024-10-13
C0203,Customer 0203,Retail,2024-12-27
C0204,Customer 0204,Loyalty,2025-10-30
C0205,Customer 0205,Loyalty,2024-06-09
C0206,Customer 0206,Retail,2024-12-28
C0207,Customer 0207,Retail,2024-09-08
C0208,Customer 0208,Retail,2024-04-08
C0209,Customer 0209,Retail,2024-03-16
C0210,Customer 0210,Loyalty,2024-09-23
C0211,Customer 0211,Retail,2024-03-01
C0212,Customer 0212,Retail,2024-02-19
C0213,Customer 0213,Retail,2024-09-13
C0214,Customer 0214,Retail,2024-05-27
C0215,Customer 0215,Retail,2025-02-09
C0216,Customer 0216,Loyalty,2024-01-13
C0217,Customer 0217,Retail,2024-08-08
C0218,Customer 0218,Wholesale,2024-11-26
C0219,Customer 0219,Retail,2025-12-04
C0220,Customer 0220,Loyalty,2025-04-08
C0221,Customer 0221,Wholesale,2025-10-04
C0222,Customer 0222,Wholesale,2024-09-07
C0223,Customer 0223,Loyalty,2024-11-24
C0224,Customer 0224,Loyalty,2024-11-02
C0225,Customer 0225,Loyalty,2025-10-09
C0226,Customer 0226,Loyalty,2025-12-01
C0227,Customer 0227,Retail,2025-12-03
C0228,Customer 0228,Retail,2025-07-02
C0229,Customer 0229,Retail,2025-01-02
C0230,Customer 0230,Loyalty,2025-01-29
C0231,Customer 0231,Retail,2025-12-16
C0232,Customer 0232,Retail,2024-07-26
C0233,Customer 0233,Loyalty,2024-09-10
C0234,Customer 0234,Retail,2025-10-16
C0235,Customer 0235,Retail,2024-10-09
C0236,Customer 0236,Retail,2024-06-20
C0237,Customer 0237,Retail,2025-02-13
C0238,Customer 0238,Retail,2024-08-25
C0239,Customer 0239,Retail,2025-10-12
C0240,Customer 0240,Retail,2025-10-25
C0241,Customer 0241,Retail,2024-08-11
C0242,Customer 0242,Retail,2025-01-21
C0243,Customer 0243,Loyalty,2025-12-19
C0244,Customer 0244,Retail,2025-06-25
C0245,Customer 0245,Wholesale,2024-06-06
C0246,Customer 0246,Wholesale,2025-03-07
C0247,Customer 0247,Retail,2025-03-28
C0248,Customer 0248,Retail,2025-04-22
C0249,Customer 0249,Retail,2024-01-19
C0250,Customer 0250,Loyalty,2024-08-06
C0251,Customer 0251,Loyalty,2025-09-15
C0252,Customer 0252,Loyalty,2024-06-25
C0253,Customer 0253,Retail,2024-08-06
C0254,Customer 0254,Loyalty,2024-08-23
C0255,Customer 0255,Retail,2024-05-09
C0256,Customer 0256,Loyalty,2024-04-23
C0257,Customer 0257,Retail,2024-09-10
C0258,Customer 0258,Loyalty,2025-09-30
C0259,Customer 0259,Loyalty,2024-01-02
C0260,Customer 0260,Retail,2024-07-25
C0261,Customer 0261,Loyalty,2024-02-14
C0262,Customer 0262,Retail,2025-02-13
C0263,Customer 0263,Loyalty,2024-07-01
C0264,Customer 0264,Retail,2025-08-01
C0265,Customer 0265,Wholesale,2025-03-03
C0266,Customer 0266,Retail,2025-07-26
C0267,Customer 0267,Wholesale,2025-04-08
C0268,Customer 0268,Loyalty,2024-11-16
C0269,Customer 0269,Loyalty,2025-09-20
C0270,Customer 0270,Loyalty,2024-12-13
C0271,Customer 0271,Loyalty,2025-11-24
C0272,Customer 0272,Wholesale,2025-12-27
C0273,Customer 0273,Retail,2025-03-05
C0274,Customer 0274,Loyalty,2025-05-07
C0275,Customer 0275,Retail,2024-07-05
C0276,Customer 0276,Loyalty,2025-08-17
C0277,Customer 0277,Retail,2025-05-05
C0278,Customer 0278,Loyalty,2025-10-20
C0279,Customer 0279,Loyalty,2024-07-13
C0280,Customer 0280,Retail,2025-07-28
C0281,Customer 0281,Retail,2024-12-09
C0282,Customer 0282,Loyalty,2024-05-15
C0283,Customer 0283,Loyalty,2024-05-04
C0284,Customer 0284,Retail,2025-02-14
C0285,Customer 0285,Loyalty,2024-08-21
C0286,Customer 0286,Wholesale,2024-03-15
C0287,Customer 0287,Retail,2024-11-07
C0288,Customer 0288,Retail,2025-04-21
C0289,Customer 0289,Retail,2024-08-20
C0290,Customer 0290,Loyalty,2025-11-28
C0291,Customer 0291,Retail,2025-07-23
C0292,Customer 0292,Loyalty,2025-01-09
C0293,Customer 0293,Loyalty,2025-11-13
C0294,Customer 0294,Retail,2024-11-12
C0295,Customer 0295,Loyalty,2024-04-11
C0296,Customer 0296,Loyalty,2024-01-27
C0297,Customer 0297,Retail,2025-11-15
C0298,Customer 0298,Retail,2025-12-01
C0299,Customer 0299,Retail,2025-06-23
C0300,Customer 0300,Retail,2024-03-16
C0301,Customer 0301,Retail,2024-08-02
C0302,Customer 0302,Wholesale,2024-01-30
C0303,Customer 0303,Retail,2024-02-07
C0304,Customer 0304,Retail,2024-06-28
C0305,Customer 0305,Loyalty,2025-02-21
C0306,Customer 0306,Loyalty,2024-02-17
C0307,Customer 0307,Wholesale,2025-12-19
C0308,Customer 0308,Loyalty,2024-11-28
C0309,Customer 0309,Retail,2024-07-11
C0310,Customer 0310,Retail,2025-01-11
C0311,Customer 0311,Wholesale,2025-07-30
C0312,Customer 0312,Loyalty,2024-08-16
C0313,Customer 0313,Wholesale,2024-02-04
C0314,Customer 0314,Retail,2024-02-07
C0315,Customer 0315,Loyalty,2025-09-13
C0316,Customer 0316,Loyalty,2024-03-22
C0317,Customer 0317,Retail,2025-04-08
C0318,Customer 0318,Loyalty,2024-10-07
C0319,Customer 0319,Loyalty,2025-07-21
C0320,Customer 0320,Retail,2024-02-14
C0321,Customer 0321,Retail,2025-10-17
C0322,Customer 0322,Loyalty,2025-05-24
C0323,Customer 0323,Retail,2024-11-23
C0324,Customer 0324,Retail,2024-05-31
C0325,Customer 0325,Retail,2025-12-14
C0326,Customer 0326,Retail,2024-08-08
C0327,Customer 0327,Wholesale,2024-12-24
C0328,Customer 0328,Loyalty,2024-10-14
C0329,Customer 0329,Retail,2024-06-17
C0330,Customer 0330,Wholesale,2024-10-31
C0331,Customer 0331,Loyalty,2024-04-20
C0332,Customer 0332,Retail,2024-01-02
C0333,Customer 0333,Loyalty,2024-07-30
C0334,Customer 0334,Retail,2024-03-22
C0335,Customer 0335,Wholesale,2024-10-29
C0336,Customer 0336,Loyalty,2025-09-21
C0337,Customer 0337,Loyalty,2024-04-28
C0338,Customer 0338,Retail,2024-01-01
C0339,Customer 0339,Loyalty,2024-03-22
C0340,Customer 0340,Retail,2025-01-05
C0341,Customer 0341,Retail,2024-07-19
C0342,Customer 0342,Retail,2024-12-23
C0343,Customer 0343,Loyalty,2024-01-22
C0344,Customer 0344,Retail,2024-08-31
C0345,Customer 0345,Wholesale,2024-10-26
C0346,Customer 0346,Loyalty,2024-11-10
C0347,Customer 0347,Retail,2025-02-06
C0348,Customer 0348,Retail,2025-07-23
C0349,Customer 0349,Retail,2024-12-07
C0350,Customer 0350,Loyalty,2025-09-06
C0351,Customer 0351,Loyalty,2025-01-21
C0352,Customer 0352,Retail,2024-07-09
C0353,Customer 0353,Loyalty,2024-06-16
C0354,Customer 0354,Retail,2024-08-23
C0355,Customer 0355,Loyalty,2025-03-12
C0356,Customer 0356,Wholesale,2024-06-26
C0357,Customer 0357,Loyalty,2025-10-29
C0358,Customer 0358,Loyalty,2024-12-16
C0359,Customer 0359,Loyalty,2025-09-22
C0360,Customer 0360,Retail,2025-05-13
C0361,Customer 0361,Retail,2024-08-31
C0362,Customer 0362,Retail,2024-06-15
C0363,Customer 0363,Retail,2025-06-27
C0364,Customer 0364,Loyalty,2024-08-29
C0365,Customer 0365,Loyalty,2024-06-29
C0366,Customer 0366,Loyalty,2025-11-10
C0367,Customer 0367,Retail,2024-12-18
C0368,Customer 0368,Loyalty,2024-02-05
C0369,Customer 0369,Retail,2024-12-27
C0370,Customer 0370,Retail,2024-12-02
C0371,Customer 0371,Loyalty,2025-09-22
C0372,Customer 0372,Wholesale,2025-06-03
C0373,Customer 0373,Loyalty,2024-05-19
C0374,Customer 0374,Retail,2024-04-19
C0375,Customer 0375,Loyalty,2025-03-16
C0376,Customer 0376,Retail,2024-02-04
C0377,Customer 0377,Loyalty,2024-08-20
C0378,Customer 0378,Loyalty,2024-04-10
C0379,Customer 0379,Retail,2024-01-16
C0380,Customer 0380,Retail,2025-11-01
C0381,Customer 0381,Retail,2024-03-06
C0382,Customer 0382,Wholesale,2024-01-07
C0383,Customer 0383,Retail,2025-11-12
C0384,Customer 0384,Loyalty,2024-05-17
C0385,Customer 0385,Loyalty,2025-08-19
C0386,Customer 0386,Loyalty,2024-01-23
C0387,Customer 0387,Retail,2024-04-22
C0388,Customer 0388,Wholesale,2024-03-21
C0389,Customer 0389,Retail,2025-05-30
C0390,Customer 0390,Loyalty,2025-03-28
C0391,Customer 0391,Loyalty,2024-12-13
C0392,Customer 0392,Loyalty,2024-06-25
C0393,Customer 0393,Wholesale,2024-03-05
C0394,Customer 0394,Retail,2025-02-19
C0395,Customer 0395,Retail,2024-06-17
C0396,Customer 0396,Retail,2025-03-06
C0397,Customer 0397,Retail,2025-05-16
C0398,Customer 0398,Retail,2025-09-12
C0399,Customer 0399,Retail,2024-12-26
C0400,Customer 0400,Retail,2024-01-04
C0401,Customer 0401,Retail,2024-07-23
C0402,Customer 0402,Retail,2025-09-14
C0403,Customer 0403,Loyalty,2025-01-24
C0404,Customer 0404,Loyalty,2025-03-27
C0405,Customer 0405,Retail,2024-11-30
C0406,Customer 0406,Retail,2024-04-28
C0407,Customer 0407,Retail,2025-10-16
C0408,Customer 0408,Loyalty,2025-07-18
C0409,Customer 0409,Retail,2025-12-27
C0410,Customer 0410,Retail,2025-09-16
C0411,Customer 0411,Retail,2024-07-31
C0412,Customer 0412,Retail,2024-07-04
C0413,Customer 0413,Retail,2024-06-30
C0414,Customer 0414,Loyalty,2025-11-01
C0415,Customer 0415,Loyalty,2025-02-10
C0416,Customer 0416,Loyalty,2024-11-27
C0417,Customer 0417,Loyalty,2025-12-07
C0418,Customer 0418,Loyalty,2025-03-16
C0419,Customer 0419,Retail,2025-10-25
C0420,Customer 0420,Loyalty,2025-12-19
C0421,Customer 0421,Retail,2024-02-27
C0422,Customer 0422,Retail,2024-09-20
C0423,Customer 0423,Loyalty,2025-06-19
C0424,Customer 0424,Retail,2025-08-16
C0425,Customer 0425,Retail,2024-04-18
C0426,Customer 0426,Loyalty,2024-08-20
C0427,Customer 0427,Loyalty,2025-02-04
C0428,Customer 0428,Wholesale,2025-08-06
C0429,Customer 0429,Retail,2024-03-23
C0430,Customer 0430,Retail,2025-03-14
C0431,Customer 0431,Loyalty,2024-08-04
C0432,Customer 0432,Retail,2024-06-06
C0433,Customer 0433,Loyalty,2025-01-11
C0434,Customer 0434,Retail,2024-10-29
C0435,Customer 0435,Retail,2025-04-09
C0436,Customer 0436,Retail,2024-08-19
C0437,Customer 0437,Loyalty,2025-08-23
C0438,Customer 0438,Retail,2024-02-27
C0439,Customer 0439,Retail,2025-09-21
C0440,Customer 0440,Retail,2024-01-22
C0441,Customer 0441,Retail,2025-06-21
C0442,Customer 0442,Retail,2024-09-09
C0443,Customer 0443,Loyalty,2024-10-06
C0444,Customer 0444,Retail,2024-01-14
C0445,Customer 0445,Loyalty,2025-05-27
C0446,Customer 0446,Loyalty,2024-04-30
C0447,Customer 0447,Retail,2025-04-26
C0448,Customer 0448,Retail,2025-06-13
C0449,Customer 0449,Loyalty,2025-09-09
C0450,Customer 0450,Retail,2025-05-31
C0451,Customer 0451,Retail,2024-08-08
C0452,Customer 0452,Wholesale,2025-06-23
C0453,Customer 0453,Wholesale,2025-08-25
C0454,Customer 0454,Loyalty,2024-08-19
C0455,Customer 0455,Retail,2024-03-31
C0456,Customer 0456,Loyalty,2025-10-11
C0457,Customer 0457,Loyalty,2024-04-17
C0458,Customer 0458,Retail,2025-03-09
C0459,Customer 0459,Loyalty,2024-06-21
C0460,Customer 0460,Retail,2024-04-01
C0461,Customer 0461,Retail,2025-07-20
C0462,Customer 0462,Retail,2024-04-14
C0463,Customer 0463,Retail,2025-05-04
C0464,Customer 0464,Retail,2025-05-20
C0465,Customer 0465,Loyalty,2024-02-13
C0466,Customer 0466,Wholesale,2024-05-06
C0467,Customer 0467,Loyalty,2025-08-02
C0468,Customer 0468,Loyalty,2025-01-05
C0469,Customer 0469,Wholesale,2024-03-29
C0470,Customer 0470,Retail,2025-12-24
C0471,Customer 0471,Retail,2024-07-12
C0472,Customer 0472,Retail,2024-01-03
C0473,Customer 0473,Retail,2025-11-05
C0474,Customer 0474,Loyalty,2024-01-13
C0475,Customer 0475,Retail,2025-02-07
C0476,Customer 0476,Retail,2025-12-25
C0477,Customer 0477,Retail,2025-02-25
C0478,Customer 0478,Retail,2025-03-02
C0479,Customer 0479,Wholesale,2024-10-10
C0480,Customer 0480,Retail,2024-04-02
C0481,Customer 0481,Retail,2025-02-22
C0482,Customer 0482,Retail,2025-10-17
C0483,Customer 0483,Retail,2024-03-07
C0484,Customer 0484,Loyalty,2025-10-04
C0485,Customer 0485,Retail,2024-10-29
C0486,Customer 0486,Retail,2025-01-26
C0487,Customer 0487,Retail,2024-04-30
C0488,Customer 0488,Loyalty,2025-03-29
C0489,Customer 0489,Loyalty,2024-05-13
C0490,Customer 0490,Loyalty,2024-07-18
C0491,Customer 0491,Loyalty,2025-06-10
C0492,Customer 0492,Loyalty,2024-02-06
C0493,Customer 0493,Retail,2024-11-22
C0494,Customer 0494,Retail,2025-03-10
C0495,Customer 0495,Retail,2024-04-06
C0496,Customer 0496,Retail,2024-08-03
C0497,Customer 0497,Loyalty,2024-09-07
C0498,Customer 0498,Retail,2025-04-29
C0499,Customer 0499,Loyalty,2025-12-13
C0500,Customer 0500,Loyalty,2025-09-02
