store_id,product_id,snapshot_date,stock_on_hand,reorder_level
S001,P001,2026-09-30,93,41
S001,P002,2026-09-30,17,53
S001,P003,2026-09-30,150,52
S001,P004,2026-09-30,139,43
S001,P005,2026-09-30,140,62
S001,P006,2026-09-30,142,48
S001,P007,2026-09-30,8,23
S001,P008,2026-09-30,23,58
S001,P009,2026-09-30,44,48
S001,P010,2026-09-30,144,51
S001,P011,2026-09-30,52,48
S001,P012,2026-09-30,42,47
S001,P013,2026-09-30,92,24
S001,P014,2026-09-30,162,47
S001,P015,2026-09-30,8,59
S001,P016,2026-09-30,93,35
S001,P017,2026-09-30,25,50
S001,P018,2026-09-30,66,21
S001,P019,2026-09-30,68,37
S001,P020,2026-09-30,126,41
S001,P021,2026-09-30,143,69
S001,P022,2026-09-30,27,30
S001,P023,2026-09-30,159,33
S001,P024,2026-09-30,119,40
S001,P025,2026-09-30,140,69
S001,P026,2026-09-30,88,62
S001,P027,2026-09-30,108,21
S001,P028,2026-09-30,81,31
S001,P029,2026-09-30,17,61
S001,P030,2026-09-30,30,22
S002,P001,2026-09-30,134,41
S002,P002,2026-09-30,140,53
S002,P003,2026-09-30,49,52
S002,P004,2026-09-30,92,43
S002,P005,2026-09-30,93,62
S002,P006,2026-09-30,5,48
S002,P007,2026-09-30,161,23
S002,P008,2026-09-30,69,58
S002,P009,2026-09-30,171,48
S002,P010,2026-09-30,168,51
S002,P011,2026-09-30,72,48
S002,P012,2026-09-30,70,47
S002,P013,2026-09-30,67,24
S002,P014,2026-09-30,68,47
S002,P015,2026-09-30,118,59
S002,P016,2026-09-30,34,35
S002,P017,2026-09-30,139,50
S002,P018,2026-09-30,80,21
S002,P019,2026-09-30,9,37
S002,P020,2026-09-30,30,41
S002,P021,2026-09-30,30,69
S002,P022,2026-09-30,138,30
S002,P023,2026-09-30,172,33
S002,P024,2026-09-30,117,40
S002,P025,2026-09-30,122,69
S002,P026,2026-09-30,50,62
S002,P027,2026-09-30,48,21
S002,P028,2026-09-30,27,31
S002,P029,2026-09-30,90,61
S002,P030,2026-09-30,125,22
S003,P001,2026-09-30,155,41
S003,P002,2026-09-30,7,53
S003,P003,2026-09-30,98,52
S003,P004,2026-09-30,176,43
S003,P005,2026-09-30,163,62
S003,P006,2026-09-30,41,48
S003,P007,2026-09-30,95,23
S003,P008,2026-09-30,31,58
S003,P009,2026-09-30,68,48
S003,P010,2026-09-30,26,51
S003,P011,2026-09-30,35,48
S003,P012,2026-09-30,137,47
S003,P013,2026-09-30,158,24
S003,P014,2026-09-30,174,47
S003,P015,2026-09-30,95,59
S003,P016,2026-09-30,127,35
S003,P017,2026-09-30,93,50
S003,P018,2026-09-30,160,21
S003,P019,2026-09-30,122,37
S003,P020,2026-09-30,65,41
S003,P021,2026-09-30,138,69
S003,P022,2026-09-30,30,30
S003,P023,2026-09-30,126,33
S003,P024,2026-09-30,117,40
S003,P025,2026-09-30,139,69
S003,P026,2026-09-30,59,62
S003,P027,2026-09-30,138,21
S003,P028,2026-09-30,73,31
S003,P029,2026-09-30,107,61
S003,P030,2026-09-30,155,22
S004,P001,2026-09-30,127,41
S004,P002,2026-09-30,73,53
S004,P003,2026-09-30,74,52
S004,P004,2026-09-30,9,43
S004,P005,2026-09-30,89,62
S004,P006,2026-09-30,96,48
S004,P007,2026-09-30,153,23
S004,P008,2026-09-30,57,58
S004,P009,2026-09-30,119,48
S004,P010,2026-09-30,56,51
S004,P011,2026-09-30,144,48
S004,P012,2026-09-30,157,47
S004,P013,2026-09-30,55,24
S004,P014,2026-09-30,78,47
S004,P015,2026-09-30,87,59
S004,P016,2026-09-30,178,35
S004,P017,2026-09-30,37,50
S004,P018,2026-09-30,19,21
S004,P019,2026-09-30,124,37
S004,P020,2026-09-30,132,41
S004,P021,2026-09-30,34,69
S004,P022,2026-09-30,149,30
S004,P023,2026-09-30,70,33
S004,P024,2026-09-30,115,40
S004,P025,2026-09-30,104,69
S004,P026,2026-09-30,19,62
S004,P027,2026-09-30,178,21
S004,P028,2026-09-30,6,31
S004,P029,2026-09-30,61,61
S004,P030,2026-09-30,147,22
