customer_id,last_purchase,frequency,monetary,recency,cluster,segment
C0001,2026-09-22,38,165672.89,9,1,High Value
C0002,2026-09-14,39,153067.53,17,1,High Value
C0003,2026-09-28,48,178657.74,3,1,High Value
C0004,2026-09-13,54,222599.88,18,1,High Value
C0005,2026-09-26,34,153480.29,5,0,Loyal
C0006,2026-09-05,35,129413.0,26,0,Loyal
C0007,2026-08-26,29,122745.68,36,0,Loyal
C0008,2026-09-21,40,171343.63,10,1,High Value
C0009,2026-09-28,39,154566.53,3,1,High Value
C0010,2026-09-10,33,152621.28,21,0,Loyal
C0011,2026-08-24,39,170751.55,38,2,At Risk
C0012,2026-09-13,41,211900.41,18,1,High Value
C0013,2026-09-19,28,135257.17,12,0,Loyal
C0014,2026-09-24,37,139633.16,7,0,Loyal
C0015,2026-09-15,35,139213.47,16,0,Loyal
C0016,2026-09-28,42,164326.62,3,1,High Value
C0017,2026-09-15,32,161292.74,16,0,Loyal
C0018,2026-07-14,45,189767.44,79,2,At Risk
C0019,2026-09-12,42,152803.37,19,1,High Value
C0020,2026-09-17,38,145588.06,14,0,Loyal
C0021,2026-09-27,36,123776.73,4,0,Loyal
C0022,2026-09-29,41,179731.89,2,1,High Value
C0023,2026-09-13,40,143776.62,18,0,Loyal
C0024,2026-09-23,35,169811.42,8,0,Loyal
C0025,2026-09-29,34,203616.17,2,1,High Value
C0026,2026-09-16,33,176787.9,15,0,Loyal
C0027,2026-09-28,46,194614.22,3,1,High Value
C0028,2026-09-23,40,155216.25,8,1,High Value
C0029,2026-09-22,39,163268.77,9,1,High Value
C0030,2026-07-30,47,211564.15,63,2,At Risk
C0031,2026-09-13,32,181212.95,18,0,Loyal
C0032,2026-09-02,37,152747.18,29,2,At Risk
C0033,2026-09-10,24,89168.82,21,0,Loyal
C0034,2026-09-24,32,94125.53,7,0,Loyal
C0035,2026-09-10,51,239188.43,21,1,High Value
C0036,2026-09-19,37,136755.48,12,0,Loyal
C0037,2026-09-18,37,197518.01,13,1,High Value
C0038,2026-08-30,31,139281.57,32,0,Loyal
C0039,2026-09-13,43,213585.63,18,1,High Value
C0040,2026-08-24,33,143123.01,38,2,At Risk
C0041,2026-09-26,40,198785.86,5,1,High Value
C0042,2026-09-30,41,204477.22,1,1,High Value
C0043,2026-09-07,45,198554.95,24,1,High Value
C0044,2026-08-21,26,90444.69,41,0,Loyal
C0045,2026-09-23,37,145113.92,8,0,Loyal
C0046,2026-09-26,35,157122.81,5,0,Loyal
C0047,2026-09-23,23,119949.86,8,0,Loyal
C0048,2026-09-14,40,194575.12,17,1,High Value
C0049,2026-09-10,43,182649.11,21,1,High Value
C0050,2026-09-24,38,141302.55,7,0,Loyal
C0051,2026-09-18,40,159793.25,13,1,High Value
C0052,2026-08-31,35,162401.85,31,2,At Risk
C0053,2026-09-26,36,153809.35,5,0,Loyal
C0054,2026-09-17,41,163812.56,14,1,High Value
C0055,2026-09-28,38,146604.3,3,0,Loyal
C0056,2026-09-01,32,130602.09,30,0,Loyal
C0057,2026-09-26,40,215757.48,5,1,High Value
C0058,2026-09-24,38,173729.64,7,1,High Value
C0059,2026-09-26,38,145372.82,5,0,Loyal
C0060,2026-09-10,32,132418.53,21,0,Loyal
C0061,2026-09-18,35,200057.02,13,1,High Value
C0062,2026-09-01,43,205537.15,30,1,High Value
C0063,2026-09-18,38,149928.66,13,0,Loyal
C0064,2026-09-24,64,240234.39,7,1,High Value
C0065,2026-07-20,35,150003.9,73,2,At Risk
C0066,2026-09-28,31,112759.56,3,0,Loyal
C0067,2026-09-24,36,171457.44,7,1,High Value
C0068,2026-09-29,38,137161.53,2,0,Loyal
C0069,2026-09-12,40,135485.36,19,0,Loyal
C0070,2026-09-25,34,119773.93,6,0,Loyal
C0071,2026-09-22,39,185735.77,9,1,High Value
C0072,2026-08-31,29,111873.54,31,0,Loyal
C0073,2026-09-24,33,148743.42,7,0,Loyal
C0074,2026-09-30,47,245555.68,1,1,High Value
C0075,2026-09-28,39,177635.77,3,1,High Value
C0076,2026-09-24,37,183988.35,7,1,High Value
C0077,2026-09-16,43,159765.46,15,1,High Value
C0078,2026-09-21,35,154545.17,10,0,Loyal
C0079,2026-09-20,40,175699.02,11,1,High Value
C0080,2026-09-26,30,134608.06,5,0,Loyal
C0081,2026-08-07,46,185015.63,55,2,At Risk
C0082,2026-08-21,35,126976.24,41,2,At Risk
C0083,2026-09-02,36,176053.95,29,2,At Risk
C0084,2026-09-30,36,151200.27,1,0,Loyal
C0085,2026-09-30,40,153730.65,1,1,High Value
C0086,2026-08-15,39,188982.82,47,2,At Risk
C0087,2026-09-30,37,175189.1,1,1,High Value
C0088,2026-09-25,34,127581.45,6,0,Loyal
C0089,2026-09-13,42,183092.49,18,1,High Value
C0090,2026-08-16,36,146073.33,46,2,At Risk
C0091,2026-09-12,38,163547.99,19,1,High Value
C0092,2026-09-07,34,161529.95,24,0,Loyal
C0093,2026-09-18,40,205651.95,13,1,High Value
C0094,2026-08-31,39,169801.06,31,2,At Risk
C0095,2026-09-29,36,166626.97,2,0,Loyal
C0096,2026-09-16,30,124733.55,15,0,Loyal
C0097,2026-09-27,28,148766.71,4,0,Loyal
C0098,2026-09-30,56,235559.53,1,1,High Value
C0099,2026-09-20,38,140541.89,11,0,Loyal
C0100,2026-09-24,47,188610.11,7,1,High Value
C0101,2026-09-28,50,219496.95,3,1,High Value
C0102,2026-09-27,22,64060.33,4,0,Loyal
C0103,2026-09-27,27,109443.17,4,0,Loyal
C0104,2026-09-11,34,134189.33,20,0,Loyal
C0105,2026-09-10,32,118902.94,21,0,Loyal
C0106,2026-09-13,42,164397.11,18,1,High Value
C0107,2026-09-13,34,145848.9,18,0,Loyal
C0108,2026-09-16,40,138119.65,15,0,Loyal
C0109,2026-08-12,38,206563.8,50,2,At Risk
C0110,2026-09-12,31,134543.32,19,0,Loyal
C0111,2026-09-06,36,154691.16,25,0,Loyal
C0112,2026-09-28,51,211865.14,3,1,High Value
C0113,2026-09-30,41,216728.81,1,1,High Value
C0114,2026-09-23,32,108841.0,8,0,Loyal
C0115,2026-09-26,36,163879.19,5,0,Loyal
C0116,2026-09-28,42,138214.55,3,1,High Value
C0117,2026-08-15,33,143847.78,47,2,At Risk
C0118,2026-09-27,34,201940.02,4,1,High Value
C0119,2026-09-09,33,128187.99,22,0,Loyal
C0120,2026-09-28,41,196358.94,3,1,High Value
C0121,2026-09-29,46,184407.53,2,1,High Value
C0122,2026-08-22,43,175208.97,40,2,At Risk
C0123,2026-09-19,47,181460.19,12,1,High Value
C0124,2026-09-19,30,117664.15,12,0,Loyal
C0125,2026-09-23,39,159919.41,8,1,High Value
C0126,2026-08-21,39,173729.19,41,2,At Risk
C0127,2026-09-28,36,156222.63,3,0,Loyal
C0128,2026-09-19,33,113298.25,12,0,Loyal
C0129,2026-08-20,42,169225.26,42,2,At Risk
C0130,2026-09-02,45,221032.11,29,1,High Value
C0131,2026-08-08,36,127733.65,54,2,At Risk
C0132,2026-07-30,39,175881.11,63,2,At Risk
C0133,2026-09-15,43,180511.13,16,1,High Value
C0134,2026-09-29,29,112015.63,2,0,Loyal
C0135,2026-09-19,40,175848.69,12,1,High Value
C0136,2026-09-30,41,142816.63,1,1,High Value
C0137,2026-09-27,36,178879.82,4,1,High Value
C0138,2026-08-15,41,140723.8,47,2,At Risk
C0139,2026-09-15,47,238026.8,16,1,High Value
C0140,2026-07-17,31,133664.54,76,2,At Risk
C0141,2026-09-27,36,148632.03,4,0,Loyal
C0142,2026-09-30,38,197873.57,1,1,High Value
C0143,2026-09-25,41,188474.56,6,1,High Value
C0144,2026-09-23,44,238053.09,8,1,High Value
C0145,2026-09-16,26,104408.97,15,0,Loyal
C0146,2026-09-01,32,162245.63,30,0,Loyal
C0147,2026-09-22,32,147709.79,9,0,Loyal
C0148,2026-08-11,32,84556.63,51,0,Loyal
C0149,2026-08-23,37,155528.34,39,2,At Risk
C0150,2026-09-14,43,181923.49,17,1,High Value
C0151,2026-09-25,38,138982.76,6,0,Loyal
C0152,2026-09-29,46,168379.4,2,1,High Value
C0153,2026-08-24,33,147739.01,38,2,At Risk
C0154,2026-08-10,39,155095.67,52,2,At Risk
C0155,2026-09-07,30,134284.73,24,0,Loyal
C0156,2026-09-05,43,180619.03,26,1,High Value
C0157,2026-09-22,40,164096.58,9,1,High Value
C0158,2026-09-25,42,175262.65,6,1,High Value
C0159,2026-09-24,29,113357.71,7,0,Loyal
C0160,2026-09-08,32,147786.47,23,0,Loyal
C0161,2026-08-29,41,206065.53,33,1,High Value
C0162,2026-09-05,32,139520.84,26,0,Loyal
C0163,2026-09-06,45,208990.58,25,1,High Value
C0164,2026-09-25,37,182937.41,6,1,High Value
C0165,2026-09-30,36,164860.65,1,0,Loyal
C0166,2026-08-15,38,152386.19,47,2,At Risk
C0167,2026-09-24,47,185477.36,7,1,High Value
C0168,2026-09-22,42,203601.3,9,1,High Value
C0169,2026-09-17,38,155254.17,14,0,Loyal
C0170,2026-09-26,41,155672.13,5,1,High Value
C0171,2026-09-16,29,152318.59,15,0,Loyal
C0172,2026-09-09,40,192097.95,22,1,High Value
C0173,2026-09-15,39,164926.2,16,1,High Value
C0174,2026-09-18,36,151563.27,13,0,Loyal
C0175,2026-08-27,44,215339.12,35,1,High Value
C0176,2026-09-18,43,172169.35,13,1,High Value
C0177,2026-09-24,36,120764.77,7,0,Loyal
C0178,2026-08-08,33,116965.2,54,2,At Risk
C0179,2026-09-30,36,182280.49,1,1,High Value
C0180,2026-08-31,33,97862.81,31,0,Loyal
C0181,2026-07-10,35,155297.23,83,2,At Risk
C0182,2026-09-19,43,192034.52,12,1,High Value
C0183,2026-09-01,33,141530.43,30,0,Loyal
C0184,2026-09-12,44,203243.91,19,1,High Value
C0185,2026-09-20,44,188629.79,11,1,High Value
C0186,2026-09-05,35,205654.63,26,1,High Value
C0187,2026-09-11,39,163130.91,20,1,High Value
C0188,2026-09-24,31,141308.59,7,0,Loyal
C0189,2026-09-18,31,136946.3,13,0,Loyal
C0190,2026-09-28,42,216579.21,3,1,High Value
C0191,2026-09-25,44,209524.93,6,1,High Value
C0192,2026-09-18,33,130735.79,13,0,Loyal
C0193,2026-08-28,22,82151.93,34,0,Loyal
C0194,2026-06-28,25,122474.26,95,2,At Risk
C0195,2026-09-22,35,109653.1,9,0,Loyal
C0196,2026-08-28,28,103357.31,34,0,Loyal
C0197,2026-09-23,45,162520.71,8,1,High Value
C0198,2026-09-10,36,164552.67,21,0,Loyal
C0199,2026-09-22,47,209278.74,9,1,High Value
C0200,2026-09-04,44,207939.3,27,1,High Value
C0201,2026-08-10,53,220170.27,52,2,At Risk
C0202,2026-09-14,42,160081.78,17,1,High Value
C0203,2026-09-12,33,152209.32,19,0,Loyal
C0204,2026-09-06,54,204284.73,25,1,High Value
C0205,2026-09-22,39,169050.22,9,1,High Value
C0206,2026-09-21,40,166833.03,10,1,High Value
C0207,2026-08-17,40,139006.44,45,2,At Risk
C0208,2026-09-30,39,143140.03,1,0,Loyal
C0209,2026-09-07,41,218946.34,24,1,High Value
C0210,2026-09-23,33,139083.32,8,0,Loyal
C0211,2026-09-28,37,183262.46,3,1,High Value
C0212,2026-08-20,40,184984.55,42,2,At Risk
C0213,2026-09-20,32,119122.6,11,0,Loyal
C0214,2026-08-27,29,102427.1,35,0,Loyal
C0215,2026-09-21,39,202236.96,10,1,High Value
C0216,2026-09-17,43,156480.76,14,1,High Value
C0217,2026-09-16,40,169134.56,15,1,High Value
C0218,2026-09-09,30,106489.56,22,0,Loyal
C0219,2026-09-24,42,205467.12,7,1,High Value
C0220,2026-09-19,50,200706.73,12,1,High Value
C0221,2026-09-24,29,122608.74,7,0,Loyal
C0222,2026-09-06,36,162484.15,25,0,Loyal
C0223,2026-09-13,30,114679.4,18,0,Loyal
C0224,2026-08-19,35,195263.4,43,2,At Risk
C0225,2026-09-28,42,147974.33,3,1,High Value
C0226,2026-09-23,47,189473.65,8,1,High Value
C0227,2026-09-27,42,197567.83,4,1,High Value
C0228,2026-09-20,38,161309.3,11,1,High Value
C0229,2026-09-25,32,185170.03,6,0,Loyal
C0230,2026-09-18,33,131173.59,13,0,Loyal
C0231,2026-09-11,39,166107.69,20,1,High Value
C0232,2026-09-30,42,192961.95,1,1,High Value
C0233,2026-09-17,33,150432.63,14,0,Loyal
C0234,2026-09-18,34,133308.81,13,0,Loyal
C0235,2026-09-16,52,226774.91,15,1,High Value
C0236,2026-09-19,36,148718.24,12,0,Loyal
C0237,2026-08-30,35,177761.9,32,2,At Risk
C0238,2026-09-24,44,206858.8,7,1,High Value
C0239,2026-09-30,38,129590.13,1,0,Loyal
C0240,2026-08-28,32,135180.16,34,0,Loyal
C0241,2026-08-04,34,120023.69,58,2,At Risk
C0242,2026-08-12,30,146939.78,50,2,At Risk
C0243,2026-08-18,39,152747.91,44,2,At Risk
C0244,2026-09-20,46,189032.94,11,1,High Value
C0245,2026-09-30,44,173112.13,1,1,High Value
C0246,2026-08-22,42,199222.11,40,2,At Risk
C0247,2026-09-30,33,120977.04,1,0,Loyal
C0248,2026-09-14,41,239367.67,17,1,High Value
C0249,2026-08-14,37,213687.3,48,2,At Risk
C0250,2026-08-18,42,168506.28,44,2,At Risk
C0251,2026-09-23,41,171685.82,8,1,High Value
C0252,2026-09-14,33,146887.12,17,0,Loyal
C0253,2026-09-13,44,209079.72,18,1,High Value
C0254,2026-09-16,51,244362.89,15,1,High Value
C0255,2026-09-24,47,184342.43,7,1,High Value
C0256,2026-09-13,46,194604.39,18,1,High Value
C0257,2026-09-28,41,136343.68,3,0,Loyal
C0258,2026-09-29,24,104267.61,2,0,Loyal
C0259,2026-09-13,35,157046.31,18,0,Loyal
C0260,2026-09-20,42,141025.79,11,1,High Value
C0261,2026-09-10,44,194879.19,21,1,High Value
C0262,2026-07-07,40,154499.8,86,2,At Risk
C0263,2026-09-01,30,93849.39,30,0,Loyal
C0264,2026-09-17,33,144121.1,14,0,Loyal
C0265,2026-08-16,37,158182.08,46,2,At Risk
C0266,2026-07-26,50,195833.79,67,2,At Risk
C0267,2026-09-22,45,187998.59,9,1,High Value
C0268,2026-09-04,45,141579.31,27,1,High Value
C0269,2026-09-30,33,121669.11,1,0,Loyal
C0270,2026-09-06,43,217402.98,25,1,High Value
C0271,2026-09-01,51,207066.99,30,1,High Value
C0272,2026-08-28,39,208906.75,34,2,At Risk
C0273,2026-09-12,45,209609.13,19,1,High Value
C0274,2026-08-10,47,196509.28,52,2,At Risk
C0275,2026-09-24,40,193059.96,7,1,High Value
C0276,2026-09-05,41,169001.84,26,1,High Value
C0277,2026-08-19,41,156325.79,43,2,At Risk
C0278,2026-09-29,41,164362.9,2,1,High Value
C0279,2026-08-17,41,178128.8,45,2,At Risk
C0280,2026-09-30,36,137852.09,1,0,Loyal
C0281,2026-09-14,40,217390.23,17,1,High Value
C0282,2026-09-27,49,211440.19,4,1,High Value
C0283,2026-09-24,38,163245.73,7,1,High Value
C0284,2026-09-17,24,80099.23,14,0,Loyal
C0285,2026-09-29,31,109367.65,2,0,Loyal
C0286,2026-09-09,40,159965.55,22,1,High Value
C0287,2026-09-21,29,101886.2,10,0,Loyal
C0288,2026-09-25,37,189357.19,6,1,High Value
C0289,2026-08-25,36,159680.73,37,2,At Risk
C0290,2026-09-20,40,145594.66,11,0,Loyal
C0291,2026-09-20,34,153663.48,11,0,Loyal
C0292,2026-09-20,33,133906.24,11,0,Loyal
C0293,2026-09-04,39,156935.88,27,2,At Risk
C0294,2026-08-29,38,143846.63,33,2,At Risk
C0295,2026-08-31,39,159496.78,31,2,At Risk
C0296,2026-09-30,39,160835.02,1,1,High Value
C0297,2026-09-14,33,139043.6,17,0,Loyal
C0298,2026-09-27,38,155131.88,4,0,Loyal
C0299,2026-09-28,39,184492.93,3,1,High Value
C0300,2026-08-28,47,198382.59,34,1,High Value
C0301,2026-09-11,36,182397.95,20,1,High Value
C0302,2026-08-30,49,210467.91,32,1,High Value
C0303,2026-09-24,32,106130.42,7,0,Loyal
C0304,2026-08-14,45,162241.16,48,2,At Risk
C0305,2026-08-13,40,130166.21,49,2,At Risk
C0306,2026-09-27,42,187794.05,4,1,High Value
C0307,2026-09-23,52,198551.66,8,1,High Value
C0308,2026-09-15,46,187671.53,16,1,High Value
C0309,2026-09-25,45,225226.68,6,1,High Value
C0310,2026-09-15,48,179891.99,16,1,High Value
C0311,2026-09-20,41,127400.12,11,0,Loyal
C0312,2026-09-19,49,252376.06,12,1,High Value
C0313,2026-09-01,52,175484.08,30,1,High Value
C0314,2026-09-30,31,143723.88,1,0,Loyal
C0315,2026-09-07,37,215695.11,24,1,High Value
C0316,2026-09-23,47,187583.48,8,1,High Value
C0317,2026-09-26,35,170642.57,5,0,Loyal
C0318,2026-09-08,47,169674.08,23,1,High Value
C0319,2026-08-26,40,157809.7,36,2,At Risk
C0320,2026-08-04,42,171682.32,58,2,At Risk
C0321,2026-09-23,34,128665.16,8,0,Loyal
C0322,2026-09-27,37,160018.85,4,0,Loyal
C0323,2026-09-03,37,184928.04,28,1,High Value
C0324,2026-09-26,44,204382.75,5,1,High Value
C0325,2026-09-22,39,187725.52,9,1,High Value
C0326,2026-09-23,49,232283.82,8,1,High Value
C0327,2026-08-29,37,132368.61,33,2,At Risk
C0328,2026-09-15,45,230461.72,16,1,High Value
C0329,2026-09-30,36,128956.79,1,0,Loyal
C0330,2026-09-17,43,190113.35,14,1,High Value
C0331,2026-09-15,33,138370.26,16,0,Loyal
C0332,2026-08-22,32,141922.4,40,2,At Risk
C0333,2026-09-10,38,187873.62,21,1,High Value
C0334,2026-08-16,36,172272.48,46,2,At Risk
C0335,2026-09-20,37,124208.33,11,0,Loyal
C0336,2026-09-20,62,257228.36,11,1,High Value
C0337,2026-09-21,36,141531.19,10,0,Loyal
C0338,2026-09-09,36,185490.41,22,1,High Value
C0339,2026-09-26,30,152329.05,5,0,Loyal
C0340,2026-09-13,46,179405.51,18,1,High Value
C0341,2026-09-21,53,272111.8,10,1,High Value
C0342,2026-09-02,47,197195.83,29,1,High Value
C0343,2026-07-05,48,218525.76,88,2,At Risk
C0344,2026-09-28,38,151672.15,3,0,Loyal
C0345,2026-09-02,34,145904.9,29,0,Loyal
C0346,2026-09-11,34,156341.14,20,0,Loyal
C0347,2026-09-19,46,226714.51,12,1,High Value
C0348,2026-08-22,44,152550.9,40,2,At Risk
C0349,2026-09-09,28,92172.93,22,0,Loyal
C0350,2026-09-30,33,129146.59,1,0,Loyal
C0351,2026-09-23,36,155014.87,8,0,Loyal
C0352,2026-09-25,40,171232.36,6,1,High Value
C0353,2026-09-10,32,150548.53,21,0,Loyal
C0354,2026-09-25,34,143679.59,6,0,Loyal
C0355,2026-09-17,47,179724.28,14,1,High Value
C0356,2026-09-13,50,216072.63,18,1,High Value
C0357,2026-09-13,28,90496.42,18,0,Loyal
C0358,2026-09-27,49,240711.57,4,1,High Value
C0359,2026-09-30,34,131522.31,1,0,Loyal
C0360,2026-09-23,42,166945.9,8,1,High Value
C0361,2026-09-23,35,178667.32,8,1,High Value
C0362,2026-08-20,43,170439.65,42,2,At Risk
C0363,2026-09-24,47,218546.77,7,1,High Value
C0364,2026-09-29,33,85881.24,2,0,Loyal
C0365,2026-09-24,37,128803.61,7,0,Loyal
C0366,2026-09-28,40,172109.18,3,1,High Value
C0367,2026-09-21,38,138498.33,10,0,Loyal
C0368,2026-09-13,41,185405.76,18,1,High Value
C0369,2026-09-20,39,130240.58,11,0,Loyal
C0370,2026-09-19,44,216876.5,12,1,High Value
C0371,2026-09-29,45,164687.27,2,1,High Value
C0372,2026-09-27,40,187648.99,4,1,High Value
C0373,2026-08-29,41,194785.98,33,1,High Value
C0374,2026-06-24,30,136867.93,99,2,At Risk
C0375,2026-09-13,33,103035.35,18,0,Loyal
C0376,2026-09-23,36,136144.73,8,0,Loyal
C0377,2026-09-24,38,179209.05,7,1,High Value
C0378,2026-09-11,38,132309.26,20,0,Loyal
C0379,2026-09-19,32,143599.07,12,0,Loyal
C0380,2026-09-13,36,172644.77,18,1,High Value
C0381,2026-09-29,34,148797.65,2,0,Loyal
C0382,2026-09-07,45,204558.63,24,1,High Value
C0383,2026-09-10,38,180064.74,21,1,High Value
C0384,2026-09-15,41,120487.21,16,0,Loyal
C0385,2026-09-24,31,109153.02,7,0,Loyal
C0386,2026-09-29,35,146415.67,2,0,Loyal
C0387,2026-08-30,39,143544.22,32,2,At Risk
C0388,2026-09-28,45,201432.51,3,1,High Value
C0389,2026-09-26,36,124384.87,5,0,Loyal
C0390,2026-09-16,60,240350.25,15,1,High Value
C0391,2026-09-26,34,138881.4,5,0,Loyal
C0392,2026-08-14,39,170723.91,48,2,At Risk
C0393,2026-08-06,34,150006.35,56,2,At Risk
C0394,2026-09-22,48,221429.66,9,1,High Value
C0395,2026-09-15,34,124026.07,16,0,Loyal
C0396,2026-08-31,41,195957.27,31,1,High Value
C0397,2026-09-05,38,205478.9,26,1,High Value
C0398,2026-09-10,41,136561.13,21,0,Loyal
C0399,2026-09-04,40,146987.35,27,2,At Risk
C0400,2026-09-26,32,140417.7,5,0,Loyal
C0401,2026-09-18,42,224474.66,13,1,High Value
C0402,2026-09-25,43,195765.75,6,1,High Value
C0403,2026-09-06,34,145252.52,25,0,Loyal
C0404,2026-08-29,36,160193.16,33,2,At Risk
C0405,2026-09-30,46,211729.24,1,1,High Value
C0406,2026-09-30,47,168323.28,1,1,High Value
C0407,2026-09-30,34,132502.96,1,0,Loyal
C0408,2026-09-06,34,111757.77,25,0,Loyal
C0409,2026-09-09,47,209582.73,22,1,High Value
C0410,2026-08-21,30,166654.42,41,2,At Risk
C0411,2026-09-27,35,117192.93,4,0,Loyal
C0412,2026-09-13,45,155266.53,18,1,High Value
C0413,2026-09-03,42,194262.95,28,1,High Value
C0414,2026-08-24,34,119399.0,38,0,Loyal
C0415,2026-09-24,35,175754.81,7,1,High Value
C0416,2026-08-19,37,180307.68,43,2,At Risk
C0417,2026-09-27,43,220943.39,4,1,High Value
C0418,2026-09-06,41,163005.53,25,1,High Value
C0419,2026-09-19,47,161929.26,12,1,High Value
C0420,2026-09-29,47,188613.57,2,1,High Value
C0421,2026-09-10,29,140600.03,21,0,Loyal
C0422,2026-08-18,43,189510.07,44,2,At Risk
C0423,2026-09-30,38,142225.22,1,0,Loyal
C0424,2026-08-22,40,174815.5,40,2,At Risk
C0425,2026-09-11,40,153490.95,20,1,High Value
C0426,2026-09-23,32,133545.91,8,0,Loyal
C0427,2026-09-21,37,169151.28,10,1,High Value
C0428,2026-09-26,37,190249.56,5,1,High Value
C0429,2026-09-26,37,131436.32,5,0,Loyal
C0430,2026-09-27,37,147630.51,4,0,Loyal
C0431,2026-09-17,38,192733.16,14,1,High Value
C0432,2026-09-12,42,193532.86,19,1,High Value
C0433,2026-08-10,40,189093.23,52,2,At Risk
C0434,2026-09-27,45,155911.71,4,1,High Value
C0435,2026-09-25,35,170321.83,6,0,Loyal
C0436,2026-09-16,41,147721.44,15,1,High Value
C0437,2026-07-02,37,138997.72,91,2,At Risk
C0438,2026-09-28,47,195385.25,3,1,High Value
C0439,2026-09-24,29,116992.48,7,0,Loyal
C0440,2026-09-25,44,222196.47,6,1,High Value
C0441,2026-09-25,36,176706.83,6,1,High Value
C0442,2026-09-24,37,159963.56,7,0,Loyal
C0443,2026-09-09,41,172139.71,22,1,High Value
C0444,2026-09-27,39,185365.42,4,1,High Value
C0445,2026-09-26,32,143206.5,5,0,Loyal
C0446,2026-09-22,50,254705.65,9,1,High Value
C0447,2026-09-01,49,210250.47,30,1,High Value
C0448,2026-09-24,44,165024.14,7,1,High Value
C0449,2026-09-26,31,131524.09,5,0,Loyal
C0450,2026-09-11,33,154486.51,20,0,Loyal
C0451,2026-09-25,46,229223.73,6,1,High Value
C0452,2026-09-17,36,156097.65,14,0,Loyal
C0453,2026-09-23,44,157628.01,8,1,High Value
C0454,2026-09-15,38,167788.07,16,1,High Value
C0455,2026-09-24,44,200709.95,7,1,High Value
C0456,2026-08-30,35,129578.82,32,0,Loyal
C0457,2026-09-09,42,172425.33,22,1,High Value
C0458,2026-09-16,43,225028.12,15,1,High Value
C0459,2026-09-25,45,164177.74,6,1,High Value
C0460,2026-09-23,37,135126.7,8,0,Loyal
C0461,2026-09-21,42,187189.23,10,1,High Value
C0462,2026-09-28,36,165483.55,3,0,Loyal
C0463,2026-09-29,41,224668.76,2,1,High Value
C0464,2026-08-14,46,183972.44,48,2,At Risk
C0465,2026-09-13,56,249406.6,18,1,High Value
C0466,2026-09-28,52,234070.09,3,1,High Value
C0467,2026-09-24,31,92153.51,7,0,Loyal
C0468,2026-09-27,38,188796.64,4,1,High Value
C0469,2026-08-18,38,145703.6,44,2,At Risk
C0470,2026-08-25,33,152795.07,37,2,At Risk
C0471,2026-09-22,47,195275.09,9,1,High Value
C0472,2026-06-27,34,152349.01,96,2,At Risk
C0473,2026-09-24,30,136154.22,7,0,Loyal
C0474,2026-09-24,47,148859.39,7,1,High Value
C0475,2026-09-12,32,109911.15,19,0,Loyal
C0476,2026-08-20,27,133362.89,42,0,Loyal
C0477,2026-09-27,32,115521.11,4,0,Loyal
C0478,2026-09-15,36,134844.06,16,0,Loyal
C0479,2026-09-19,45,175027.44,12,1,High Value
C0480,2026-09-20,36,163060.76,11,0,Loyal
C0481,2026-09-22,30,108629.77,9,0,Loyal
C0482,2026-09-28,42,169619.3,3,1,High Value
C0483,2026-09-26,41,174578.5,5,1,High Value
C0484,2026-09-28,38,181546.23,3,1,High Value
C0485,2026-09-02,30,163842.87,29,0,Loyal
C0486,2026-09-15,46,222541.76,16,1,High Value
C0487,2026-09-08,27,114130.94,23,0,Loyal
C0488,2026-09-09,33,133600.5,22,0,Loyal
C0489,2026-09-23,44,184758.11,8,1,High Value
C0490,2026-09-24,51,227212.51,7,1,High Value
C0491,2026-09-29,34,145941.44,2,0,Loyal
C0492,2026-09-18,36,148208.09,13,0,Loyal
C0493,2026-09-28,38,190213.15,3,1,High Value
C0494,2026-09-27,32,166435.0,4,0,Loyal
C0495,2026-09-22,32,123931.9,9,0,Loyal
C0496,2026-08-18,36,190626.16,44,2,At Risk
C0497,2026-08-23,37,166882.85,39,2,At Risk
C0498,2026-09-16,34,180363.34,15,0,Loyal
C0499,2026-09-13,48,210435.04,18,1,High Value
C0500,2026-09-30,45,238310.63,1,1,High Value
