feature,importance
numeric__rolling_28_avg,0.25931437849001643
numeric__rolling_7_avg,0.1410541484238265
numeric__month,0.0966666218186233
numeric__day_of_week,0.09649817984622601
numeric__lag_14_qty,0.06504123328842074
numeric__lag_1_qty,0.0627352171803382
numeric__lag_7_qty,0.06210009597190482
numeric__year,0.022685260159750135
numeric__quarter,0.022431625153836097
categorical__store_id_S003,0.02094846063802507
categorical__store_id_S002,0.020355852851048063
categorical__store_id_S001,0.019971881995067355
categorical__store_id_S004,0.01953796424862765
numeric__is_weekend,0.010765363460464228
categorical__product_id_P018,0.00825746172589894
categorical__product_id_P014,0.008159191268246994
categorical__product_id_P021,0.007528148369701343
categorical__product_id_P006,0.00586894960622222
categorical__product_id_P002,0.005748047372568896
categorical__product_id_P027,0.004679987096838496
categorical__product_id_P026,0.004175754776833588
categorical__category_Fresh Food,0.003083147871188336
categorical__product_id_P005,0.002229558367913925
categorical__product_id_P025,0.002061273690818932
categorical__category_Staples,0.00185601884534229
categorical__product_id_P008,0.0016648540276807894
categorical__product_id_P007,0.0015288427229268537
categorical__product_id_P013,0.0014781894059085155
categorical__product_id_P004,0.001426332340655564
categorical__product_id_P020,0.001424615711558189
categorical__category_Beverages,0.0013736608894906134
categorical__category_Dairy,0.0012922524585619996
categorical__category_Personal Care,0.0010839210131969158
categorical__product_id_P030,0.0010264503851078347
categorical__product_id_P029,0.0010061562143005728
categorical__product_id_P009,0.0009762847911173791
categorical__product_id_P015,0.0009462824852150702
categorical__product_id_P012,0.0009384351666028254
categorical__product_id_P011,0.0008656786398969564
categorical__category_Household,0.0008579065630566915
categorical__category_Convenience,0.0007892739916153008
categorical__product_id_P003,0.0007475056238950044
categorical__product_id_P016,0.0007467909029102106
categorical__product_id_P023,0.0007394830441519462
categorical__product_id_P022,0.000658151923032506
categorical__product_id_P001,0.0006219014347474468
categorical__category_Canned Goods,0.0006164378639631449
categorical__product_id_P017,0.000608727437035813
categorical__product_id_P024,0.0005697979149882428
categorical__category_Snacks,0.0005141100689938037
categorical__product_id_P010,0.0004959490682417549
categorical__category_Frozen Food,0.00042702628262065144
categorical__product_id_P028,0.00042184342074152217
categorical__product_id_P019,0.0003993156900373701
