feature,coefficient,absolute_coefficient
numeric__rolling_28_avg,0.30805888573567164,0.30805888573567164
categorical__product_id_P021,0.09381223600316857,0.09381223600316857
categorical__product_id_P014,0.0889858006881184,0.0889858006881184
categorical__product_id_P018,0.0842684858327749,0.0842684858327749
categorical__product_id_P007,-0.08164221882997436,0.08164221882997436
categorical__product_id_P006,0.08131622088795083,0.08131622088795083
categorical__category_Household,-0.0803451425022957,0.0803451425022957
categorical__product_id_P004,-0.0767871814728296,0.0767871814728296
categorical__product_id_P013,-0.07232251660800373,0.07232251660800373
categorical__category_Fresh Food,0.07022223418435698,0.07022223418435698
categorical__product_id_P002,0.06714131660780927,0.06714131660780927
categorical__product_id_P020,-0.05964616160617426,0.05964616160617426
categorical__category_Personal Care,0.05337348477102513,0.05337348477102513
categorical__category_Canned Goods,-0.0522074454082934,0.0522074454082934
categorical__product_id_P027,0.05071252630790641,0.05071252630790641
numeric__rolling_7_avg,0.048297999612812746,0.048297999612812746
categorical__category_Staples,0.047356630771814026,0.047356630771814026
categorical__product_id_P009,-0.047332085041392274,0.047332085041392274
categorical__product_id_P026,0.04530689501814745,0.04530689501814745
categorical__category_Snacks,-0.04000831933427577,0.04000831933427577
categorical__product_id_P010,-0.04000831933427577,0.04000831933427577
categorical__category_Frozen Food,-0.036873898065433015,0.036873898065433015
categorical__product_id_P028,-0.036873898065433015,0.036873898065433015
numeric__day_of_week,0.03549357853129373,0.03549357853129373
numeric__is_weekend,0.0352500990878963,0.0352500990878963
categorical__product_id_P022,-0.03034160658652826,0.03034160658652826
categorical__product_id_P025,0.025911445057324446,0.025911445057324446
categorical__product_id_P001,-0.024953053288358847,0.024953053288358847
categorical__product_id_P003,-0.021818911966063156,0.021818911966063156
categorical__product_id_P019,-0.020698980896121384,0.020698980896121384
categorical__product_id_P017,-0.02045921464261394,0.02045921464261394
categorical__product_id_P012,0.020115071199710247,0.020115071199710247
categorical__product_id_P024,-0.015913417080155482,0.015913417080155482
numeric__quarter,0.015637453517819283,0.015637453517819283
categorical__product_id_P023,-0.015363776417827888,0.015363776417827888
categorical__category_Beverages,0.014980962701438599,0.014980962701438599
categorical__product_id_P008,0.014206194744018493,0.014206194744018493
categorical__product_id_P005,0.013904883018689513,0.013904883018689513
numeric__lag_14_qty,0.013389830826985888,0.013389830826985888
categorical__product_id_P029,-0.013309123274282365,0.013309123274282365
categorical__product_id_P011,0.013172973822395432,0.013172973822395432
categorical__category_Convenience,0.013172973822395432,0.013172973822395432
categorical__product_id_P030,-0.012488063867414367,0.012488063867414367
categorical__product_id_P016,-0.010435786419135746,0.010435786419135746
categorical__store_id_S003,0.010273581104221625,0.010273581104221625
categorical__category_Dairy,0.00967203003514537,0.00967203003514537
categorical__store_id_S001,-0.00650946339661166,0.00650946339661166
numeric__year,-0.005340394561187703,0.005340394561187703
categorical__store_id_S004,-0.005016234376897563,0.005016234376897563
numeric__lag_7_qty,-0.001525336853929239,0.001525336853929239
numeric__lag_1_qty,-0.0011250857766178107,0.0011250857766178107
categorical__product_id_P015,0.000883777184448742,0.000883777184448742
categorical__store_id_S002,0.0005956276451656365,0.0005956276451656365
numeric__month,6.578826043852662e-05,6.578826043852662e-05
